,City,Lat,Lng,Max temp,Humidity,Cloudiness,Wind Speed,Date
0,cabo san lucas,22.8909,-109.9124,60.01,85,42,1.01,1612687256
1,saint-philippe,-21.3585,55.7679,87.8,62,0,11.5,1612687256
2,kruisfontein,-34.0033,24.7314,81.0,54,0,8.99,1612687257
3,avarua,-21.2078,-159.775,77.0,88,8,3.44,1612687257
4,jamestown,42.097,-79.2353,17.6,57,1,8.05,1612687257
5,gobabis,-22.45,18.9667,81.63,38,0,13.18,1612687208
6,maltahohe,-24.8333,16.9833,85.28,24,0,12.95,1612687258
7,kungurtug,50.5994,97.5228,24.87,92,0,0.69,1612687258
8,port alfred,-33.5906,26.891,73.99,78,44,5.01,1612687258
9,butaritari,3.0707,172.7902,81.43,80,75,19.06,1612687258
10,alofi,-19.0595,-169.9187,78.8,94,100,4.61,1612687258
11,phek,25.6667,94.5,63.18,31,29,2.46,1612687259
12,talnakh,69.4865,88.3972,-28.07,71,0,2.53,1612687259
13,nyurba,63.2842,118.3319,-18.08,87,57,6.29,1612687259
14,hilo,19.7297,-155.09,69.8,68,90,4.61,1612687259
15,popova,42.9603,131.7228,15.8,35,99,6.71,1612687259
16,mar del plata,-38.0023,-57.5575,64.99,82,75,7.81,1612687259
17,pevek,69.7008,170.3133,-9.67,86,0,3.06,1612687259
18,dharchula,29.85,80.5333,73.63,16,0,5.03,1612687259
19,rikitea,-23.1203,-134.9692,77.34,74,38,11.18,1612687260
20,ca mau,9.1769,105.15,83.71,61,87,6.51,1612687260
21,conakry,9.538,-13.6773,77.0,88,75,12.26,1612687260
22,ushuaia,-54.8,-68.3,44.6,76,40,9.22,1612687260
23,san cristobal,7.7669,-72.225,65.93,85,93,2.59,1612687260
24,nanortalik,60.1432,-45.2371,32.05,89,69,6.46,1612687260
25,qaanaaq,77.484,-69.3632,11.48,89,100,1.23,1612687261
26,vaini,-21.2,-175.2,78.8,94,75,9.22,1612687261
27,atuona,-9.8,-139.0333,79.45,76,85,22.73,1612687261
28,adre,13.4667,22.2,73.27,20,21,21.3,1612687261
29,sakakah,29.9697,40.2064,55.4,50,0,4.61,1612687261
30,kwinana,-32.25,115.7667,70.0,100,75,14.97,1612687261
31,khatanga,71.9667,102.5,-31.52,79,0,8.72,1612687261
32,cherskiy,68.75,161.3,-4.92,79,0,2.98,1612687261
33,thompson,55.7435,-97.8558,-32.8,61,40,11.5,1612687262
34,ukiah,39.1502,-123.2078,46.0,87,1,1.88,1612687262
35,puerto ayora,-0.7393,-90.3518,75.99,96,54,1.99,1612687262
36,port elizabeth,-33.918,25.5701,77.0,65,75,19.57,1612687262
37,hobart,-42.8794,147.3294,60.8,51,20,16.11,1612687099
38,iqaluit,63.7506,-68.5145,24.8,58,20,12.66,1612687262
39,phulabani,20.4667,84.2333,81.82,22,4,8.7,1612687262
40,hasaki,35.7333,140.8333,57.2,38,20,3.44,1612687052
41,mayo,38.8876,-76.5119,41.0,56,90,6.91,1612687262
42,cape town,-33.9258,18.4232,75.0,56,40,21.85,1612687210
43,mahebourg,-20.4081,57.7,87.8,66,40,16.11,1612687263
44,krasnorechenskiy,44.6265,135.3532,-5.08,86,72,10.78,1612687263
45,rio grande,-32.035,-52.0986,66.0,96,2,6.4,1612687263
46,castro,-24.7911,-50.0119,52.97,97,57,3.89,1612687263
47,bonthe,7.5264,-12.505,80.96,74,52,1.9,1612687263
48,princeton,25.5384,-80.4089,75.2,91,1,4.61,1612687263
49,aklavik,68.2191,-135.0107,-13.0,77,100,6.91,1612687263
50,grindavik,63.8424,-22.4338,33.8,60,0,20.71,1612687264
51,yellowknife,62.456,-114.3525,-44.0,66,1,3.44,1612687264
52,zhezkazgan,47.8043,67.7144,22.23,95,93,14.79,1612687264
53,puerto madero,14.7208,-92.4215,73.62,74,0,5.68,1612687264
54,busselton,-33.65,115.3333,63.0,92,100,3.0,1612687264
55,sola,-13.8833,167.55,82.42,73,7,9.13,1612687264
56,ternate,0.8,127.4,82.81,76,100,7.05,1612687264
57,tasiilaq,65.6145,-37.6368,32.0,59,40,14.97,1612687264
58,sioux lookout,50.1001,-91.917,-23.8,69,90,12.66,1612687264
59,lagoa,39.05,-27.9833,59.05,87,100,18.86,1612687265
60,cap malheureux,-19.9842,57.6142,84.99,72,43,10.0,1612687265
61,pacific grove,36.6177,-121.9166,46.4,87,1,5.66,1612687265
62,prince rupert,54.3161,-130.3201,37.4,80,75,6.91,1612687265
63,port hardy,50.6996,-127.4199,39.2,100,90,8.05,1612687265
64,albany,42.6001,-73.9662,19.0,58,100,0.72,1612687265
65,skeldon,5.8833,-57.1333,73.63,93,98,4.03,1612687265
66,alihe,50.5667,123.7167,-3.17,85,58,2.39,1612687265
67,punta arenas,-53.15,-70.9167,44.6,81,0,6.91,1612687266
68,katsuura,35.1333,140.3,57.0,58,0,1.01,1612687266
69,oranjestad,12.524,-70.027,78.24,78,100,26.28,1612687266
70,tuktoyaktuk,69.4541,-133.0374,-14.64,87,100,17.36,1612687266
71,luderitz,-26.6481,15.1594,81.03,34,0,26.46,1612687266
72,praia da vitoria,38.7333,-27.0667,59.0,88,20,13.29,1612687266
73,east london,-33.0153,27.9116,77.0,65,20,11.5,1612687201
74,albion,42.2431,-84.753,10.4,85,90,5.75,1612687267
75,vestmannaeyjar,63.4427,-20.2734,36.93,79,78,20.94,1612687267
76,georgetown,5.4112,100.3354,91.4,62,20,11.5,1612687203
77,sisimiut,66.9395,-53.6735,28.72,80,0,19.75,1612687268
78,chuy,-33.6971,-53.4616,62.53,85,0,2.86,1612687268
79,ndele,8.4109,20.6473,81.66,15,13,9.73,1612687268
80,shahrud,36.4182,54.9763,52.88,50,25,6.17,1612687269
81,kodiak,57.79,-152.4072,26.6,63,1,5.75,1612687269
82,yumen,40.2833,97.2,45.3,36,75,9.69,1612687269
83,rognan,67.0953,15.3878,18.0,92,82,1.54,1612687269
84,la ronge,55.1001,-105.2842,-36.4,61,0,3.44,1612687269
85,sainte-anne-des-monts,49.124,-66.4924,23.0,63,44,41.43,1612687269
86,bluff,-46.6,168.3333,57.56,88,84,8.61,1612687269
87,tiksi,71.6872,128.8694,-26.27,84,100,6.22,1612687269
88,ode,7.7899,5.7117,86.11,29,75,3.24,1612687270
89,ilebo,-4.3167,20.5833,85.06,59,82,1.45,1612687270
90,nikolskoye,59.7035,30.7861,12.99,85,75,15.66,1612687270
91,kitimat,54.0524,-128.6534,32.0,96,98,1.5,1612687270
92,campeche,19.0,-90.5,65.73,93,0,2.01,1612687270
93,kozhva,65.1073,57.0459,-28.19,84,100,11.99,1612687270
94,tilichiki,60.4667,166.1,14.67,89,100,13.33,1612687271
95,hobyo,5.3505,48.5268,83.05,59,8,18.77,1612687271
96,ancud,-41.8697,-73.8203,51.01,76,0,3.44,1612687271
97,vila franca do campo,37.7167,-25.4333,60.01,94,75,17.27,1612687271
98,sao jose da coroa grande,-8.8978,-35.1478,77.41,83,51,7.36,1612687271
99,carnarvon,-24.8667,113.6333,86.0,100,40,11.5,1612687271
100,batagay,67.6333,134.6333,-27.87,82,14,2.68,1612687271
101,new norfolk,-42.7826,147.0587,59.0,50,4,1.99,1612687272
102,manga,11.6636,-1.0731,85.59,14,84,9.84,1612687273
103,maniitsoq,65.4167,-52.9,31.6,79,0,27.63,1612687273
104,omboue,-1.5746,9.2618,82.87,77,94,4.23,1612687273
105,gat,31.61,34.7642,64.0,38,0,2.04,1612687273
106,lasa,46.6166,10.7002,39.99,100,90,8.05,1612687273
107,natal,-5.795,-35.2094,75.2,94,75,5.75,1612687273
108,puerto del rosario,28.5004,-13.8627,57.2,82,40,5.75,1612687274
109,jaciara,-15.9653,-54.9683,68.18,85,41,1.36,1612687274
110,paamiut,61.994,-49.6678,32.61,82,100,7.0,1612687274
111,wittingen,52.7269,10.7361,23.0,79,100,20.71,1612687274
112,los llanos de aridane,28.6585,-17.9182,59.0,72,20,4.61,1612687274
113,mataura,-46.1927,168.8643,58.62,87,50,2.44,1612687274
114,dikson,73.5069,80.5464,-27.11,87,91,9.66,1612687274
115,meulaboh,4.1363,96.1285,85.64,65,80,7.83,1612687274
116,acarau,-2.8856,-40.12,75.51,89,10,8.37,1612687275
117,boca do acre,-8.7522,-67.3978,71.62,96,100,0.4,1612687275
118,saskylakh,71.9167,114.0833,-39.23,78,24,10.22,1612687275
119,nome,64.5011,-165.4064,12.2,85,90,3.44,1612687275
120,kibala,9.1104,18.3463,78.8,18,0,8.57,1612687275
121,upernavik,72.7868,-56.1549,21.54,79,100,6.02,1612687275
122,lavrentiya,65.5833,-171.0,-12.41,78,0,4.38,1612687276
123,kargasok,59.0556,80.8572,32.27,96,100,16.51,1612687276
124,sumbe,-11.2061,13.8437,80.38,68,91,6.4,1612687276
125,kaitangata,-46.2817,169.8464,56.73,94,10,1.14,1612687276
126,key biscayne,25.6937,-80.1628,73.99,100,40,5.75,1612687276
127,el fuerte,26.4189,-108.6194,63.7,45,0,1.34,1612687277
128,carutapera,-1.195,-46.02,75.99,92,51,4.72,1612687277
129,kushmurun,52.4503,64.6311,10.4,91,99,23.15,1612687277
130,teguldet,57.3064,88.1667,35.69,88,28,8.99,1612687278
131,rocha,-34.4833,-54.3333,59.77,90,0,2.68,1612687278
132,champerico,14.3,-91.9167,60.01,88,0,5.01,1612687278
133,bredasdorp,-34.5322,20.0403,69.8,68,100,5.75,1612687278
134,kapaa,22.0752,-159.319,62.6,77,1,8.05,1612687278
135,jalu,29.0331,21.5482,71.06,26,66,13.87,1612687279
136,port hawkesbury,45.6169,-61.3485,28.4,69,75,21.85,1612687279
137,albuquerque,35.0845,-106.6511,37.0,25,1,4.61,1612687279
138,bambous virieux,-20.3428,57.7575,87.8,66,40,16.11,1612687279
139,lucera,41.5082,15.3351,51.8,93,100,9.22,1612687280
140,hermanus,-34.4187,19.2345,69.01,79,98,1.01,1612687280
141,tura,25.5198,90.2201,73.87,32,37,4.41,1612687280
142,urumqi,43.801,87.6005,15.8,86,20,4.47,1612687280
143,saint-georges,12.0564,-61.7485,77.61,75,99,17.09,1612687149
144,alta floresta,-9.8756,-56.0861,70.03,99,100,3.0,1612687280
145,todiresti,47.3167,26.8333,28.0,100,75,8.05,1612687280
146,palu,-0.8917,119.8707,82.78,69,100,3.36,1612687281
147,broome,42.2506,-75.833,19.4,45,1,5.75,1612687281
148,narsaq,60.9167,-46.05,39.2,38,75,44.87,1612687281
149,chumikan,54.7183,135.315,-4.32,85,100,14.85,1612687281
150,belle glade,26.6845,-80.6676,73.0,98,0,5.01,1612687281
151,bengkulu,-3.8004,102.2655,85.26,68,100,12.3,1612687281
152,grootfontein,-19.5667,18.1167,71.6,83,100,4.61,1612687213
153,west wendover,40.7391,-114.0733,50.0,20,1,21.85,1612687282
154,flinders,-34.5833,150.8552,71.01,79,22,1.01,1612687282
155,barrow,71.2906,-156.7887,-7.6,77,90,13.8,1612687282
156,fortuna,40.5982,-124.1573,48.0,93,90,4.9,1612687282
157,walvis bay,-22.9575,14.5053,66.0,77,31,11.5,1612687283
158,porto belo,-27.1578,-48.5531,62.6,94,0,3.44,1612687283
159,churachandpur,24.3333,93.6667,72.36,24,28,4.18,1612687283
160,tapes,-30.6733,-51.3958,64.94,84,0,7.65,1612687283
161,zhigansk,66.7697,123.3711,-29.85,82,100,15.86,1612687283
162,gold coast,-28.0,153.4333,81.0,82,75,5.75,1612687263
163,guerrero negro,27.9769,-114.0611,57.6,70,1,3.38,1612687284
164,inhambane,-23.865,35.3833,87.8,62,40,9.4,1612687284
165,qazvin,36.2797,50.0049,44.6,100,90,4.61,1612687284
166,pangnirtung,66.1451,-65.7125,21.56,80,21,4.45,1612687284
167,ponta do sol,32.6667,-17.1,54.0,67,85,1.01,1612687285
168,nakamura,32.9833,132.9333,49.77,69,0,4.9,1612687285
169,bubaque,11.2833,-15.8333,75.0,50,34,22.66,1612687285
170,lompoc,34.6391,-120.4579,55.0,93,90,5.75,1612687286
171,grand gaube,-20.0064,57.6608,84.99,72,45,10.0,1612687286
172,tahoua,14.8888,5.2692,71.6,12,10,6.91,1612687286
173,arraial do cabo,-22.9661,-42.0278,72.52,78,86,5.95,1612687286
174,marsaxlokk,35.8419,14.5431,66.2,68,0,8.05,1612687287
175,vagur,61.4732,-6.8119,36.48,80,99,21.81,1612687287
176,shar,49.5886,81.0453,36.25,88,100,12.95,1612687287
177,vershino-shakhtaminskiy,51.3012,117.8868,-8.46,90,0,2.35,1612687287
178,lohja,60.2486,24.0653,16.0,92,71,4.0,1612687287
179,faanui,-16.4833,-151.75,82.33,71,31,11.18,1612687287
180,betong,5.7743,101.0723,90.81,39,5,5.95,1612687287
181,broken hill,-31.95,141.4333,78.8,31,0,14.97,1612687287
182,caranavi,-15.8167,-67.55,63.63,96,86,1.48,1612687288
183,payakumbuh,-0.2202,100.6308,80.06,73,99,1.57,1612687288
184,namtsy,62.7161,129.6658,-38.2,67,0,6.71,1612687288
185,victoria,22.2855,114.1577,72.0,60,0,1.99,1612687050
186,yenagoa,4.9247,6.2642,87.82,64,76,6.24,1612687276
187,coahuayana,18.7333,-103.6833,69.28,87,31,3.13,1612687288
188,belmonte,-15.8631,-38.8828,77.0,88,75,5.75,1612687288
189,kedrovoye,57.1576,60.5698,5.0,72,90,22.37,1612687288
190,bathsheba,13.2167,-59.5167,77.0,73,75,20.71,1612687289
191,nyrob,60.733,56.7202,-6.36,90,100,7.83,1612687289
192,kokopo,-4.352,152.2633,80.55,82,57,9.35,1612687289
193,qaqortoq,60.7167,-46.0333,39.2,38,75,44.87,1612687289
194,norman wells,65.282,-126.8329,-20.2,69,75,10.36,1612687290
195,amapa,1.0,-52.0,70.93,98,18,1.28,1612687290
196,lake city,30.1897,-82.6393,53.6,94,90,3.44,1612687290
197,chardara,41.2547,67.9692,55.85,66,100,10.65,1612687290
198,cayenne,4.9333,-52.3333,77.0,100,75,4.61,1612687290
199,orotukan,62.2667,151.7,-10.73,87,100,3.33,1612687291
200,padang,-0.9492,100.3543,91.4,55,20,8.05,1612687261
201,karwar,14.8,74.1333,88.66,33,0,6.62,1612687220
202,geraldton,-28.7667,114.6,75.2,64,90,20.71,1612687148
203,komsomolskiy,40.4272,71.7189,53.6,35,20,4.61,1612687291
204,abu dhabi,24.4667,54.3667,75.2,46,0,9.22,1612687072
205,kushima,31.4583,131.2333,60.8,55,0,16.11,1612687291
206,ambilobe,-13.2,49.05,88.54,60,99,4.07,1612687292
207,paraguacu paulista,-22.4128,-50.5758,62.02,95,0,8.21,1612687292
208,yantzaza,-3.8278,-78.7594,66.99,84,100,0.6,1612687292
209,goma,-1.6792,29.2228,74.17,49,84,1.43,1612687292
210,mokhsogollokh,61.4681,128.9203,-31.79,84,48,4.27,1612687292
211,tadine,-21.55,167.8833,77.77,82,3,3.42,1612687292
212,sulangan,11.1373,123.7228,81.28,82,94,19.06,1612687292
213,baft,29.234,56.6057,52.99,35,53,10.18,1612687293
214,point pedro,9.8167,80.2333,79.68,77,31,16.89,1612687293
215,ribeira grande,38.5167,-28.7,60.8,88,75,17.27,1612687293
216,pontes e lacerda,-15.2261,-59.3353,66.24,84,44,1.88,1612687293
217,najran,17.4924,44.1277,71.6,30,0,8.05,1612687293
218,bontang,0.1333,117.5,83.19,71,100,7.27,1612687293
219,borisoglebskiy,57.2586,39.1508,3.2,78,75,13.42,1612687293
220,bethel,41.3712,-73.414,28.0,79,1,2.82,1612687293
221,kysyl-syr,63.8986,122.7617,-28.17,83,94,10.58,1612687294
222,saint-denis,48.9167,2.3333,39.0,93,90,8.05,1612687075
223,nizwa,22.9333,57.5333,77.63,18,0,7.65,1612687294
224,vestmanna,62.1564,-7.1664,35.6,60,40,18.41,1612687294
225,the valley,18.217,-63.0578,78.01,69,20,17.27,1612687294
226,juba,4.8517,31.5825,90.86,11,53,6.62,1612687294
227,san patricio,28.017,-97.5169,57.2,58,1,10.36,1612687294
228,aswan,24.0934,32.907,73.26,39,0,9.84,1612687295
229,turan,16.0678,108.2208,77.0,69,75,8.05,1612687023
230,saldanha,-33.0117,17.9442,75.2,53,53,16.11,1612687295
231,puerto el triunfo,13.2833,-88.55,73.4,73,0,2.3,1612687295
232,longyearbyen,78.2186,15.6401,19.4,73,75,11.5,1612687252
233,dingle,10.9995,122.6711,80.04,85,37,11.7,1612687295
234,srednekolymsk,67.45,153.6833,-9.18,85,100,7.16,1612687295
235,sitka,57.0531,-135.33,30.2,69,90,3.44,1612687296
236,portland,45.5234,-122.6762,45.0,81,75,3.44,1612687229
237,half moon bay,37.4636,-122.4286,50.0,71,1,0.58,1612687296
238,hithadhoo,-0.6,73.0833,82.56,70,50,10.63,1612687296
239,kavieng,-2.5744,150.7967,83.7,75,58,8.5,1612687296
240,faya,18.3851,42.4509,64.4,48,20,9.22,1612687296
241,paranhos,-23.8928,-55.4311,56.93,98,0,0.72,1612687296
242,gainesville,29.6516,-82.3248,64.99,94,90,8.05,1612687296
243,preobrazheniye,42.9019,133.9064,11.97,81,0,9.91,1612687297
244,marystown,47.1666,-55.1483,32.25,88,81,31.65,1612687297
245,koster,-25.863,26.8976,63.0,86,96,4.81,1612687297
246,antalaha,-14.9003,50.2788,84.9,64,36,6.82,1612687297
247,coihaique,-45.5752,-72.0662,51.8,76,0,3.44,1612687297
248,waingapu,-9.6567,120.2641,83.57,75,100,7.09,1612687297
249,banyo,6.75,11.8167,85.93,14,100,3.62,1612687297
250,koumac,-20.5667,164.2833,79.41,70,3,2.33,1612687297
251,klaksvik,62.2266,-6.589,35.6,60,40,18.41,1612687298
252,itarema,-2.9248,-39.9167,74.88,91,11,7.47,1612687299
253,bramsche,52.4,7.9833,23.0,93,100,11.99,1612687299
254,mount gambier,-37.8333,140.7667,60.8,63,90,16.11,1612687299
255,ilheus,-14.7889,-39.0494,76.91,91,100,6.85,1612687299
256,arman,59.7,150.1667,14.09,85,100,15.88,1612687300
257,aykhal,66.0,111.5,-22.14,85,100,7.78,1612687300
258,korla,41.7597,86.1469,42.24,53,100,7.36,1612687300
259,ruidoso,33.3317,-105.673,39.2,20,1,3.44,1612687300
260,elk point,42.6833,-96.6836,-2.99,86,84,4.12,1612687301
261,fukue,32.6881,128.8419,57.2,58,0,9.22,1612687301
262,viedma,-40.8135,-62.9967,55.99,85,95,14.61,1612687301
263,kedrovyy,56.1667,91.8167,37.4,56,0,11.18,1612687301
264,fort nelson,58.8053,-122.7002,-31.0,75,1,2.3,1612687301
265,clyde river,70.4692,-68.5914,-7.6,84,90,2.3,1612687301
266,ardakan,32.31,54.0175,60.8,36,20,2.3,1612687301
267,codrington,-38.2667,141.9667,57.76,70,23,13.24,1612687301
268,skjervoy,70.0311,20.9714,29.68,93,100,20.58,1612687302
269,timizart,36.8,4.2667,55.18,64,14,11.03,1612687302
270,verkhoyansk,67.5447,133.385,-29.54,83,44,1.7,1612687302
271,souillac,-20.5167,57.5167,87.8,66,40,16.11,1612687302
272,dilla,6.41,38.31,78.28,38,88,4.16,1612687302
273,constitucion,-35.3333,-72.4167,55.53,92,12,6.67,1612687303
274,tucupita,9.0622,-62.051,71.24,97,100,2.73,1612687303
275,bambanglipuro,-7.95,110.2833,81.91,80,100,14.32,1612687304
276,lhokseumawe,5.1801,97.1507,84.88,68,99,10.65,1612687304
277,severo-kurilsk,50.6789,156.125,23.04,94,100,18.34,1612687304
278,puerto penasco,31.3167,-113.5333,63.54,43,0,5.5,1612687304
279,cidreira,-30.1811,-50.2056,66.18,78,0,11.18,1612687304
280,beyneu,45.3167,55.2,45.32,56,95,15.19,1612687304
281,bridgetown,13.1,-59.6167,77.0,73,75,20.71,1612687304
282,ranong,9.9658,98.6348,93.2,43,20,11.5,1612687305
283,kavaratti,10.5669,72.642,81.86,63,1,7.94,1612687228
284,benjamin aceval,-24.9667,-57.5667,64.4,88,0,3.44,1612687305
285,yar-sale,66.8333,70.8333,-14.21,89,100,24.36,1612687306
286,urucara,-2.5364,-57.76,74.37,94,100,1.1,1612687306
287,fairbanks,64.8378,-147.7164,-4.0,84,90,2.84,1612687306
288,chokurdakh,70.6333,147.9167,-27.17,84,0,5.06,1612687306
289,humaita,-7.5061,-63.0208,74.01,97,100,1.61,1612687307
290,lincoln,40.8,-96.667,3.0,78,90,3.44,1612687307
291,belaya gora,68.5333,146.4167,-31.47,83,0,2.39,1612687307
292,mount isa,-20.7333,139.5,84.2,70,40,10.36,1612687307
293,baykit,61.67,96.37,24.94,95,100,3.96,1612687307
294,pisco,-13.7,-76.2167,71.6,83,100,4.61,1612687308
295,necochea,-38.5473,-58.7368,61.0,83,99,6.67,1612687308
296,mingguang,32.7802,117.9638,61.16,48,65,12.12,1612687309
297,salme,28.0369,85.0942,62.6,31,20,4.61,1612687309
298,krasnoselkup,65.7,82.4667,-3.78,91,100,18.05,1612687309
299,seoul,37.5683,126.9778,44.6,26,0,12.66,1612687244
300,yining,29.0361,114.5636,65.01,66,93,3.11,1612687309
301,cachoeiras de macacu,-22.4625,-42.6531,77.0,95,98,1.54,1612687309
302,beira,-19.8436,34.8389,87.8,74,40,3.44,1612687310
303,tuy hoa,13.0833,109.3,74.75,81,40,12.15,1612687246
304,nador,35.174,-2.9287,57.2,47,20,3.44,1612687310
305,keetmanshoop,-26.5833,18.1333,75.2,41,0,6.91,1612687310
306,pavlovka,52.6897,47.1405,-3.95,88,95,15.14,1612687310
307,abha,18.2164,42.5053,64.4,48,20,9.22,1612687310
308,saint anthony,45.0205,-93.218,-11.2,70,1,9.22,1612687310
309,lebu,-37.6167,-73.65,57.47,92,93,4.85,1612687310
310,ekuvukeni,-28.4675,30.1551,83.07,47,37,5.28,1612687311
311,lazaro cardenas,17.9583,-102.2,70.38,87,11,3.91,1612687311
312,hami,42.8,93.45,45.21,47,0,6.82,1612687311
313,sambava,-14.2667,50.1667,83.32,69,66,7.74,1612687311
314,muros,42.7762,-9.0603,43.0,95,100,5.99,1612687311
315,birao,10.2849,22.7882,78.17,18,15,12.77,1612687311
316,ankazobe,-18.3167,47.1167,78.8,57,75,3.44,1612687311
317,maputo,-25.9653,32.5892,84.99,65,75,5.75,1612687311
318,mattru,7.6244,-11.8332,80.38,69,42,3.06,1612687312
319,slavutych,51.5196,30.7343,9.64,87,3,4.29,1612687312
320,leshukonskoye,64.8989,45.7622,-13.43,86,98,10.51,1612687312
321,hay river,60.8156,-115.7999,-38.2,67,14,2.3,1612687312
322,camocim,-2.9022,-40.8411,73.47,93,38,6.91,1612687312
323,ilulissat,69.2167,-51.1,28.4,40,0,25.32,1612687312
324,mehamn,71.0357,27.8492,24.04,93,100,21.18,1612687313
325,strezhevoy,60.7333,77.5889,33.8,86,90,13.42,1612687313
326,medina,24.4686,39.6142,62.6,34,0,2.3,1612687102
327,byron bay,-28.65,153.6167,80.6,74,40,8.05,1612687017
328,waipawa,-41.4122,175.5153,66.2,59,32,8.05,1612687314
329,naze,28.3667,129.4833,64.4,59,20,9.22,1612687314
330,torbay,47.6666,-52.7314,34.0,69,90,36.82,1612687314
331,te anau,-45.4167,167.7167,56.79,74,81,4.25,1612687314
332,bazarnyy karabulak,52.2683,46.4144,-3.46,87,84,15.93,1612687314
333,maldonado,-34.6667,-54.9167,63.0,100,0,2.3,1612687314
334,estrela,-28.0611,-50.9383,47.75,89,1,1.95,1612687314
335,udachnyy,66.4167,112.4,-22.95,84,98,8.88,1612687315
336,adendorf,53.2819,10.4379,21.0,69,100,5.99,1612687315
337,ust-karsk,52.7011,118.8077,-6.66,85,0,1.97,1612687315
338,drabiv,49.963,32.1529,6.48,92,79,3.51,1612687316
339,gombong,-7.6072,109.5142,81.95,76,45,3.42,1612687316
340,crailsheim,49.1344,10.0719,39.2,87,90,8.05,1612687316
341,trofors,65.5333,13.4063,24.8,68,75,4.61,1612687316
342,ardabil,38.2498,48.2933,46.4,61,20,11.5,1612687316
343,karratha,-20.7377,116.8463,83.39,53,0,13.87,1612687316
344,san quintin,30.4833,-115.95,57.34,76,0,6.08,1612687316
345,lebanon,36.2081,-86.2911,37.0,93,90,6.91,1612687316
346,asau,46.4333,26.4,28.99,74,98,4.63,1612687317
347,port moresby,-9.4431,147.1797,87.8,62,20,11.5,1612687081
348,palaia fokaia,37.72,23.9463,64.0,51,0,4.61,1612687317
349,bowen,-20.0167,148.2333,84.2,70,100,9.22,1612687318
350,filadelfia,39.9523,-75.1638,37.0,69,90,5.75,1612687238
351,columbus,39.9612,-82.9988,19.99,68,90,11.5,1612687318
352,fayaoue,-20.65,166.5333,81.1,71,80,5.23,1612687318
353,chicama,-7.8447,-79.1469,71.73,68,96,2.93,1612687319
354,manassas,38.751,-77.4753,42.01,78,100,1.99,1612687319
355,healesville,-37.65,145.5167,62.01,73,47,4.0,1612687172
356,sorland,67.667,12.6934,35.92,80,88,15.88,1612687319
357,honiara,-9.4333,159.95,78.66,84,100,6.15,1612687319
358,loding,67.3,14.75,26.01,93,75,10.36,1612687319
359,huimanguillo,17.85,-93.3833,66.02,88,0,4.52,1612687319
360,belyy yar,53.6039,91.3903,28.4,59,58,1.36,1612687319
361,acapulco,16.8634,-99.8901,73.35,82,33,3.96,1612687319
362,zaoyang,32.1272,112.7542,61.03,32,85,13.27,1612687320
363,esperance,-33.8667,121.9,68.0,68,90,18.41,1612687320
364,znamenskoye,57.1281,73.8282,15.94,94,100,17.9,1612687320
365,newport,51.5877,-2.9984,39.0,86,94,23.22,1612687320
366,bitkine,11.9801,18.2138,81.86,14,0,13.89,1612687321
367,fort frances,48.5999,-93.4003,-22.0,76,1,9.22,1612687321
368,vydrino,51.485,104.8461,19.58,92,61,4.61,1612687321
369,chanute,37.6792,-95.4572,19.4,79,90,13.8,1612687321
370,shellbrook,53.2168,-106.4011,-38.2,67,20,5.75,1612687321
371,ayan,56.45,138.1667,-3.28,80,100,18.61,1612687321
372,san policarpo,12.1791,125.5072,80.92,84,100,15.75,1612687322
373,moberly,39.4184,-92.4382,1.4,78,1,9.8,1612687322
374,king city,36.2127,-121.126,46.99,1,73,0.4,1612687322
375,beian,63.6559,9.5683,21.2,86,40,13.8,1612687322
376,sabzevar,36.2126,57.6819,57.2,41,40,9.22,1612687323
377,deputatskiy,69.3,139.9,-30.5,85,3,0.74,1612687323
378,las vegas,36.175,-115.1372,50.0,34,1,5.75,1612687323
379,florianopolis,-27.6146,-48.5012,62.6,94,0,3.44,1612687323
380,burhaniye,39.5004,26.9727,53.6,94,75,1.14,1612687324
381,ketchikan,55.3422,-131.6461,33.8,69,40,18.41,1612687324
382,port lincoln,-34.7333,135.8667,62.94,71,5,14.74,1612687324
383,waiuku,-37.25,174.75,69.01,73,75,10.36,1612687324
384,pilar,-9.5972,-35.9567,73.4,100,40,5.75,1612687324
385,beitbridge,-22.2167,30.0,85.37,51,66,8.99,1612687324
386,basco,20.4487,121.9702,74.01,88,100,23.55,1612687325
387,dunedin,-45.8742,170.5036,60.01,88,5,5.99,1612687325
388,bucerias,20.75,-105.3333,66.0,91,1,2.55,1612687325
389,phalaborwa,-23.943,31.1411,80.6,83,100,4.61,1612687325
390,dongkan,33.9997,119.8308,43.65,71,40,17.94,1612687325
391,tessalit,20.1986,1.0114,67.87,26,100,18.5,1612687325
392,bonavista,48.6499,-53.1147,33.01,74,0,13.8,1612687325
393,grenville,12.1167,-61.6167,78.55,74,99,19.62,1612687326
394,launceston,-41.45,147.1667,68.0,34,1,12.66,1612687326
395,kamenka,51.3223,42.7678,6.01,74,75,13.78,1612687326
396,nabire,-3.3667,135.4833,80.55,78,100,1.12,1612687326
397,manjacaze,-24.7117,33.8828,88.61,49,88,4.34,1612687326
398,harper,4.375,-7.7169,81.84,79,99,5.55,1612687326
399,jiuquan,39.7432,98.5174,40.42,55,100,1.61,1612687327
400,owensboro,37.7742,-87.1133,24.8,86,90,13.8,1612687327
401,herat,34.5,62.0,66.2,20,0,2.3,1612687327
402,port hedland,-20.3167,118.5667,87.8,55,0,18.41,1612687327
403,kollam,8.8833,76.6,89.6,58,20,2.3,1612687323
404,boende,-0.2167,20.8667,86.16,58,78,2.26,1612687329
405,polovinnoye,54.7914,65.9864,7.23,90,100,23.91,1612687329
406,sangar,63.9242,127.4739,-28.88,80,18,8.57,1612687329
407,muzhi,65.3667,64.6667,-20.79,87,100,19.77,1612687329
408,provideniya,64.3833,-173.3,-3.55,80,0,11.39,1612687329
409,sycow,51.3081,17.7198,21.0,70,100,20.24,1612687329
410,garissa,-0.4536,39.6401,88.68,45,0,6.29,1612687329
411,porterville,36.0652,-119.0168,46.0,87,1,4.61,1612687330
412,greymouth,-42.4667,171.2,58.17,86,0,2.01,1612687330
413,bindura,-17.3019,31.3306,77.0,60,86,7.0,1612687330
414,san juan de uraba,8.7592,-76.5297,78.01,84,100,6.08,1612687330
415,sumoto,34.35,134.9,59.0,82,40,4.61,1612687330
416,mizdah,31.4451,12.9801,67.73,23,100,10.25,1612687330
417,emerald,-23.5333,148.1667,87.01,83,40,9.22,1612687092
418,kharagpur,22.3333,87.3333,84.6,19,23,12.08,1612687330
419,noumea,-22.2763,166.4572,80.01,100,75,2.3,1612687330
420,vanavara,60.34,102.2797,20.62,97,100,9.37,1612687331
421,hammerfest,70.6634,23.6821,25.45,93,100,16.17,1612687331
422,gondar,12.6,37.4667,72.09,23,78,9.51,1612687331
423,praia,14.9215,-23.5087,66.2,68,75,20.71,1612687331
424,namibe,-15.1961,12.1522,71.6,73,75,9.22,1612687332
425,sao bartolomeu de messines,37.2602,-8.2867,51.01,81,20,8.05,1612687332
426,airai,-8.9266,125.4092,66.4,100,100,2.1,1612687332
427,akureyri,65.6835,-18.0878,30.2,86,40,3.44,1612687332
428,douentza,14.9951,-2.9517,76.48,21,40,13.4,1612687333
429,arona,28.0996,-16.681,62.01,63,20,10.36,1612687333
430,touros,-5.1989,-35.4608,73.4,94,75,2.3,1612687333
431,rio cuarto,-33.1307,-64.3499,61.0,93,0,7.0,1612687334
432,aldan,58.6031,125.3894,-18.71,88,64,1.86,1612687334
433,kahului,20.8947,-156.47,68.0,73,20,3.44,1612687334
434,bokoro,12.3807,17.0568,81.82,14,17,8.16,1612687334
435,dinajpur,25.6272,88.6386,78.8,25,0,8.57,1612687334
436,high level,58.5169,-117.136,-40.0,67,1,4.61,1612687334
437,bairnsdale,-37.8333,147.6167,66.99,58,11,3.0,1612687334
438,dwarka,22.2394,68.9678,79.29,31,0,13.2,1612687334
439,shelburne,44.0787,-80.2041,17.01,91,100,8.7,1612687335
440,prachuap khiri khan,12.2167,99.75,86.0,70,60,9.22,1612687337
441,sao joao da barra,-21.6403,-41.0511,68.16,91,100,1.99,1612687337
442,ailigandi,9.2333,-78.0167,78.33,84,100,9.28,1612687337
443,taoudenni,22.6783,-3.9836,60.94,33,10,13.71,1612687337
444,ossora,59.2353,163.0719,25.66,97,100,39.35,1612687337
445,lerwick,60.1545,-1.1494,33.8,51,75,11.5,1612687337
446,salalah,17.0151,54.0924,77.0,57,75,10.36,1612687338
447,mumbwa,-14.9783,27.0619,75.7,84,96,4.43,1612687338
448,svobodnyy,51.4,128.1333,-7.71,88,11,7.65,1612687338
449,pervomayskiy,53.2485,40.2871,-2.25,90,55,12.82,1612687338
450,riyadh,24.6877,46.7219,64.4,45,0,16.11,1612687200
451,todos santos,23.45,-110.2167,59.0,82,94,3.0,1612687338
452,santo antonio do ica,-3.1022,-67.9397,73.42,97,100,0.54,1612687338
453,resavica,44.0408,21.5816,36.0,7,100,8.25,1612687338
454,rock falls,41.7798,-89.689,-7.6,77,1,10.36,1612687339
455,ahipara,-35.1667,173.1667,62.44,81,71,5.19,1612687339
456,leningradskiy,69.3833,178.4167,-11.9,73,14,4.56,1612687339
457,vao,-22.6667,167.4833,78.13,86,0,9.53,1612687339
458,tanout,14.9709,8.8879,71.02,19,17,14.27,1612687339
459,am timan,11.0297,20.2827,80.73,15,0,11.14,1612687339
460,westport,41.1415,-73.3579,32.0,74,1,5.55,1612687339
461,rodrigues alves,-7.738,-72.6509,72.19,96,98,0.76,1612687340
462,tamiahua,21.2667,-97.45,68.0,91,8,9.51,1612687340
463,coquimbo,-29.9533,-71.3436,57.2,82,0,5.75,1612687340
464,port blair,11.6667,92.75,81.68,69,27,11.81,1612687284
465,lobito,-12.3481,13.5456,78.84,70,100,4.16,1612687340
466,chaohu,31.6,117.8667,64.4,34,0,6.71,1612687340
467,bundaberg,-24.85,152.35,82.99,65,54,14.97,1612687340
468,auki,-8.7676,160.7034,77.18,87,100,4.34,1612687341
469,yulara,-25.2406,130.9889,96.8,15,0,12.66,1612687342
470,palmer,42.1584,-72.3287,24.01,79,1,1.97,1612687342
471,dongying,37.4564,118.4856,34.77,73,100,10.76,1612687342
472,chapais,49.7834,-74.8492,1.4,92,90,3.44,1612687342
473,svetlogorsk,52.6333,29.7333,5.56,90,25,4.68,1612687343
474,ormara,25.2088,64.6357,71.22,33,0,6.33,1612687343
475,alice springs,-23.7,133.8833,91.4,18,15,13.8,1612687343
476,dudinka,69.4058,86.1778,-34.94,79,0,8.25,1612687343
477,abengourou,6.7297,-3.4964,79.38,82,97,3.98,1612687343
478,rafaela,-31.2503,-61.4867,66.99,53,0,1.01,1612687343
479,rawson,-43.3002,-65.1023,57.29,65,100,12.08,1612687343
480,khani,41.9563,42.9566,48.2,93,90,10.36,1612687345
481,gusau,12.1628,6.6614,77.16,16,0,13.2,1612687283
482,aksarayskiy,46.7924,48.0119,30.2,64,40,13.42,1612687345
483,roros,62.5747,11.3842,-20.2,69,40,1.14,1612687345
484,kutum,14.2,24.6667,67.32,24,32,14.85,1612687345
485,rudbar,30.15,62.6,75.38,16,0,3.8,1612687345
486,ixtapa,20.7,-105.2,66.0,91,1,1.61,1612687345
487,pedernales,18.0384,-71.744,73.87,57,84,5.41,1612687345
488,acajutla,13.5928,-89.8275,75.16,67,0,5.55,1612687345
489,axim,4.8699,-2.2405,82.22,79,99,6.35,1612687346
490,lalin,42.7167,-8.1167,35.6,93,75,5.75,1612687346
491,bagdarin,54.4333,113.6,-4.36,85,93,1.72,1612687346
492,asyut,27.181,31.1837,59.0,72,0,5.75,1612687346
493,kautokeino,69.0125,23.0412,14.5,93,96,9.42,1612687346
494,nkhotakota,-12.9274,34.2961,81.25,69,97,5.03,1612687346
495,ola,59.5833,151.2833,13.6,88,100,23.02,1612687346
496,husavik,66.0449,-17.3389,30.2,86,40,3.44,1612687346
497,alekseyevsk,57.8406,108.3492,16.92,95,100,14.25,1612687347
498,ler,8.3018,30.1418,86.43,13,0,8.55,1612687347
499,sungai besar,3.6746,100.9867,91.4,62,20,5.75,1612687347
500,siavonga,-16.5382,28.7088,82.22,67,100,4.29,1612687347
501,takoradi,4.8845,-1.7554,81.93,80,100,6.22,1612687347
502,comodoro rivadavia,-45.8667,-67.5,55.4,82,75,2.3,1612687347
503,sibolga,1.7427,98.7792,86.29,61,74,3.49,1612687347
504,svolvaer,68.2342,14.5683,30.99,85,22,3.0,1612687347
505,konstantinovskaya,44.0456,43.1583,28.4,86,75,11.18,1612687347
506,jacarau,-6.6122,-35.2928,72.12,90,97,4.36,1612687348
507,mount pleasant,32.7941,-79.8626,43.0,100,90,8.12,1612687348
508,hirara,24.8,125.2833,73.4,78,75,11.5,1612687212
509,villazon,-22.0866,-65.5942,48.78,87,80,0.83,1612687348
510,semenivka,52.1783,32.5818,4.01,92,24,6.71,1612687348
511,kologriv,58.8275,44.3178,-5.62,88,100,11.27,1612687348
512,santa rosalia,27.3167,-112.2833,56.01,39,10,3.47,1612687348
513,ust-nera,64.5667,143.2,-19.43,78,35,4.56,1612687348
514,jumla,29.2747,82.1838,57.45,29,0,4.27,1612687349
515,banda aceh,5.5577,95.3222,86.2,65,64,6.93,1612687349
516,corato,41.1455,16.4139,57.99,82,0,10.36,1612687349
517,meadow lake,34.8014,-106.5436,36.0,25,1,4.61,1612687349
518,bukavu,-2.5083,28.8608,74.61,63,79,1.01,1612687349
519,sinnamary,5.3833,-52.95,77.02,87,97,13.02,1612687350
520,makungu,-8.7333,35.2833,73.8,83,90,2.8,1612687350
521,qasigiannguit,68.8193,-51.1922,28.4,40,0,25.32,1612687351
522,tshikapa,-6.4167,20.8,80.4,72,95,0.58,1612687351
523,vila velha,-20.3297,-40.2925,71.6,88,90,4.61,1612687351
524,ayaviri,-14.8864,-70.5889,41.7,81,46,1.95,1612687351
525,santa isabel do rio negro,-0.4139,-65.0192,72.46,98,86,1.01,1612687351
526,copala,16.65,-98.9833,71.89,83,0,2.75,1612687351
527,chernyshevskiy,63.0128,112.4714,-3.62,93,100,10.42,1612687351
528,tomatlan,19.9333,-105.25,65.3,93,0,2.51,1612687352
529,camana,-16.6228,-72.7111,72.88,70,83,5.32,1612687352
530,urengoy,65.9667,78.3667,-6.79,91,100,20.18,1612687352
531,chabahar,25.2919,60.643,70.74,46,0,6.11,1612687352
532,galesong,-5.3166,119.3661,87.8,66,20,4.61,1612687352
533,kyabram,-36.3167,145.05,70.0,48,0,4.0,1612687353
534,nadym,65.5333,72.5167,-4.47,92,100,23.29,1612687353
535,polyarnyy,69.1989,33.4478,21.2,86,75,11.18,1612687353
536,oktyabrskoye,43.0645,44.7417,35.6,80,40,2.24,1612687353
537,sabang,5.8933,95.3214,82.0,80,77,17.4,1612687353
538,were ilu,10.6,39.4333,63.7,48,96,1.43,1612687353
539,menongue,-14.6585,17.691,74.14,76,100,7.05,1612687353
540,sault sainte marie,46.5168,-84.3333,1.4,65,1,11.5,1612687354
541,puerto barrios,15.7167,-88.6,73.0,90,8,2.51,1612687354
542,bacsalmas,46.1265,19.3326,50.0,74,100,7.43,1612687354
543,samarai,-10.6167,150.6667,85.1,74,100,5.59,1612687354
544,corridonia,43.2511,13.5088,54.0,94,100,4.34,1612687354
545,fare,-16.7,-151.0167,82.04,74,19,12.17,1612687355
546,nayoro,44.3506,142.4578,11.01,92,100,5.08,1612687355
547,kirakira,-10.4544,161.9205,79.29,82,100,8.43,1612687355
548,limbang,4.75,115.0,86.0,70,75,10.36,1612687355
549,sunggal,3.5765,98.6151,87.8,79,40,14.97,1612687355
550,douglas,41.3,-96.167,3.2,72,90,8.43,1612687073
551,vitoria da conquista,-14.8661,-40.8394,65.07,99,100,3.0,1612687356
552,gornopravdinsk,60.05,69.9,31.71,98,100,12.71,1612687356
553,tinogboc,12.0074,121.4122,81.1,79,0,22.48,1612687356
554,caravelas,-17.7125,-39.2481,75.69,88,100,7.61,1612687356
555,cordoba,-31.4135,-64.1811,71.01,82,0,8.05,1612687356
556,gaffney,35.0718,-81.6498,34.0,93,100,3.0,1612687356
557,freeport,40.6576,-73.5832,35.01,69,90,4.61,1612687356
558,bere,9.3202,16.1552,86.27,13,29,6.82,1612687356
559,marzuq,14.4,46.4667,76.41,25,66,8.72,1612687357
560,tuatapere,-46.1333,167.6833,55.45,89,72,0.83,1612687357
561,north bend,43.4065,-124.2243,46.4,93,90,1.52,1612687357
562,springdale,36.1867,-94.1288,27.0,74,90,11.5,1612687357
563,lorengau,-2.0226,147.2712,82.63,80,94,6.85,1612687357
564,adrar,20.5022,-10.0711,54.82,45,9,13.73,1612687357
